scene,platform_id,time,subswath,burst,lat,lon,dist_km,inc_deg,v_los_drift,method,v_los_pipe,residual
scene1,1801812,2026-02-05 17:00:00,iw2,5,-34.381,28.08,0.6619112337564702,38.54773712158203,-0.2548968585070416,ocn_dc_geom,-0.3181285560131073,-0.06323169750606572
scene1,1801812,2026-02-05 17:00:00,iw2,5,-34.381,28.08,0.6619112337564702,38.54773712158203,-0.2548968585070416,ocn_dc_stokes,-0.277825940400362,-0.022929081893320435
scene1,1801812,2026-02-05 17:00:00,iw2,5,-34.381,28.08,0.6619112337564702,38.54773712158203,-0.2548968585070416,ocn_dc_mouche,-0.16155613586306572,0.09334072264397586
scene1,1801812,2026-02-05 17:00:00,iw2,5,-34.381,28.08,0.6619112337564702,38.54773712158203,-0.2548968585070416,ocn_dc_full,0.07649706676602364,0.3313939252730652
scene11,3301675,2024-12-24 17:00:00,iw1,8,-34.17286,27.42073,1.0516140063527128,35.31227493286133,-0.6425114220417948,ocn_dc_geom,-0.9957165718078613,-0.35320514976606654
scene11,3301675,2024-12-24 17:00:00,iw1,8,-34.17286,27.42073,1.0516140063527128,35.31227493286133,-0.6425114220417948,ocn_dc_stokes,-0.993363857967779,-0.35085243592598425
scene11,3301675,2024-12-24 17:00:00,iw1,8,-34.17286,27.42073,1.0516140063527128,35.31227493286133,-0.6425114220417948,ocn_dc_mouche,-0.9142296619247645,-0.2717182398829697
scene11,3301675,2024-12-24 17:00:00,iw1,8,-34.17286,27.42073,1.0516140063527128,35.31227493286133,-0.6425114220417948,ocn_dc_full,-0.6687113798689097,-0.026199957827114928
scene12,3301675,2025-01-15 17:00:00,iw2,2,-36.04934,24.281631,1.474385962552178,37.0476188659668,0.058216941906181,ocn_dc_geom,0.007545806001871824,-0.050671135904309175
scene12,3301675,2025-01-15 17:00:00,iw2,2,-36.04934,24.281631,1.474385962552178,37.0476188659668,0.058216941906181,ocn_dc_stokes,-0.02972995163872838,-0.08794689354490938
scene12,3301675,2025-01-15 17:00:00,iw2,2,-36.04934,24.281631,1.474385962552178,37.0476188659668,0.058216941906181,ocn_dc_mouche,-0.1642995667643845,-0.2225165086705655
scene12,3301675,2025-01-15 17:00:00,iw2,2,-36.04934,24.281631,1.474385962552178,37.0476188659668,0.058216941906181,ocn_dc_full,0.1066453862003982,0.04842844429421721
scene13,1601731,2025-02-08 17:00:00,iw2,7,-35.74582,24.494293,0.8511152375500987,38.742469787597656,-0.8886354431937797,ocn_dc_geom,-1.3427608013153076,-0.4541253581215279
scene13,1601731,2025-02-08 17:00:00,iw2,7,-35.74582,24.494293,0.8511152375500987,38.742469787597656,-0.8886354431937797,ocn_dc_stokes,-1.419912077486515,-0.5312766342927353
scene13,1601731,2025-02-08 17:00:00,iw2,7,-35.74582,24.494293,0.8511152375500987,38.742469787597656,-0.8886354431937797,ocn_dc_mouche,-1.7044546082615852,-0.8158191650678055
scene13,1601731,2025-02-08 17:00:00,iw2,7,-35.74582,24.494293,0.8511152375500987,38.742469787597656,-0.8886354431937797,ocn_dc_full,-1.474730633199215,-0.5860951900054352
scene14,3301675,2025-02-15 17:00:00,iw1,1,-36.93066,26.033676,0.0452388053695225,33.59485626220703,0.4045129828287346,ocn_dc_geom,-0.6512733697891235,-1.0557863526178581
scene14,3301675,2025-02-15 17:00:00,iw1,1,-36.93066,26.033676,0.0452388053695225,33.59485626220703,0.4045129828287346,ocn_dc_stokes,-0.6668666200712323,-1.071379602899967
scene14,3301675,2025-02-15 17:00:00,iw1,1,-36.93066,26.033676,0.0452388053695225,33.59485626220703,0.4045129828287346,ocn_dc_mouche,-0.6292143473401666,-1.0337273301689012
scene14,3301675,2025-02-15 17:00:00,iw1,1,-36.93066,26.033676,0.0452388053695225,33.59485626220703,0.4045129828287346,ocn_dc_full,-0.36132434103637934,-0.7658373238651139
scene15,5801988,2025-02-19 16:00:00,iw1,3,-31.99989,32.676422,0.0279710766029516,34.19540786743164,-0.1948510559538219,ocn_dc_geom,-0.9934527277946472,-0.7986016718408253
scene15,5801988,2025-02-19 16:00:00,iw1,3,-31.99989,32.676422,0.0279710766029516,34.19540786743164,-0.1948510559538219,ocn_dc_stokes,-0.9300260543823242,-0.7351749984285023
scene15,5801988,2025-02-19 16:00:00,iw1,3,-31.99989,32.676422,0.0279710766029516,34.19540786743164,-0.1948510559538219,ocn_dc_mouche,-0.7021095752716064,-0.5072585193177845
scene15,5801988,2025-02-19 16:00:00,iw1,3,-31.99989,32.676422,0.0279710766029516,34.19540786743164,-0.1948510559538219,ocn_dc_full,-0.4646826684474945,-0.2698316124936726
scene18,5801988,2025-03-08 17:00:00,iw1,4,-33.83829,31.245926,0.8554173690549512,34.30635070800781,-0.0158875901834291,ocn_dc_geom,-1.3970590829849243,-1.3811714928014953
scene18,5801988,2025-03-08 17:00:00,iw1,4,-33.83829,31.245926,0.8554173690549512,34.30635070800781,-0.0158875901834291,ocn_dc_stokes,-1.3517202734947205,-1.3358326833112915
scene18,5801988,2025-03-08 17:00:00,iw1,4,-33.83829,31.245926,0.8554173690549512,34.30635070800781,-0.0158875901834291,ocn_dc_mouche,-1.1497196108102798,-1.1338320206268508
scene18,5801988,2025-03-08 17:00:00,iw1,4,-33.83829,31.245926,0.8554173690549512,34.30635070800781,-0.0158875901834291,ocn_dc_full,-0.9154736548662186,-0.8995860646827895
scene19,5801988,2025-03-20 17:00:00,iw2,4,-33.70054,31.841278,0.9587896908752512,37.92417144775391,0.1023309081416102,ocn_dc_geom,-0.9119855165481567,-1.014316424689767
scene19,5801988,2025-03-20 17:00:00,iw2,4,-33.70054,31.841278,0.9587896908752512,37.92417144775391,0.1023309081416102,ocn_dc_stokes,-0.8448517024517059,-0.9471826105933161
scene19,5801988,2025-03-20 17:00:00,iw2,4,-33.70054,31.841278,0.9587896908752512,37.92417144775391,0.1023309081416102,ocn_dc_mouche,-0.5872134864330292,-0.6895443945746393
scene19,5801988,2025-03-20 17:00:00,iw2,4,-33.70054,31.841278,0.9587896908752512,37.92417144775391,0.1023309081416102,ocn_dc_full,-0.32288578152656555,-0.4252166896681757
scene2,5801988,2026-02-07 17:00:00,iw2,3,-33.705,32.308,0.8916300831145162,40.369754791259766,0.0437586662549773,ocn_dc_geom,0.5075938105583191,0.4638351443033418
scene2,5801988,2026-02-07 17:00:00,iw2,3,-33.705,32.308,0.8916300831145162,40.369754791259766,0.0437586662549773,ocn_dc_stokes,0.5380563270300627,0.49429766077508536
scene2,5801988,2026-02-07 17:00:00,iw2,3,-33.705,32.308,0.8916300831145162,40.369754791259766,0.0437586662549773,ocn_dc_mouche,0.7946096491068602,0.7508509828518829
scene2,5801988,2026-02-07 17:00:00,iw2,3,-33.705,32.308,0.8916300831145162,40.369754791259766,0.0437586662549773,ocn_dc_full,0.9632002543658018,0.9194415881108245
scene20,1801689,2025-03-27 16:00:00,iw1,8,-31.13997,32.312225,0.7078615914607633,33.66289520263672,0.131878426260638,ocn_dc_geom,-0.6365540623664856,-0.7684324886271237
scene20,1801689,2025-03-27 16:00:00,iw1,8,-31.13997,32.312225,0.7078615914607633,33.66289520263672,0.131878426260638,ocn_dc_stokes,-0.6169215515255928,-0.7487999777862309
scene20,1801689,2025-03-27 16:00:00,iw1,8,-31.13997,32.312225,0.7078615914607633,33.66289520263672,0.131878426260638,ocn_dc_mouche,-0.4806991145014763,-0.6125775407621143
scene20,1801689,2025-03-27 16:00:00,iw1,8,-31.13997,32.312225,0.7078615914607633,33.66289520263672,0.131878426260638,ocn_dc_full,-0.20323949307203293,-0.33511791933267093
scene20,5801988,2025-03-27 16:00:00,iw1,4,-31.81003,32.433838,1.0556538977238763,33.118167877197266,0.0553092235169092,ocn_dc_geom,-0.4194307327270508,-0.47473995624396
scene20,5801988,2025-03-27 16:00:00,iw1,4,-31.81003,32.433838,1.0556538977238763,33.118167877197266,0.0553092235169092,ocn_dc_stokes,-0.4112527146935463,-0.4665619382104555
scene20,5801988,2025-03-27 16:00:00,iw1,4,-31.81003,32.433838,1.0556538977238763,33.118167877197266,0.0553092235169092,ocn_dc_mouche,-0.3069983050227165,-0.3623075285396257
scene20,5801988,2025-03-27 16:00:00,iw1,4,-31.81003,32.433838,1.0556538977238763,33.118167877197266,0.0553092235169092,ocn_dc_full,0.024671562016010284,-0.030637661500898916
scene23,1801689,2025-04-21 17:00:00,iw1,0,-37.17275,24.276703,0.788274784075649,34.76646041870117,0.1573783701848394,ocn_dc_geom,-0.23967716097831726,-0.39705553116315667
scene23,1801689,2025-04-21 17:00:00,iw1,0,-37.17275,24.276703,0.788274784075649,34.76646041870117,0.1573783701848394,ocn_dc_stokes,,
scene23,1801689,2025-04-21 17:00:00,iw1,0,-37.17275,24.276703,0.788274784075649,34.76646041870117,0.1573783701848394,ocn_dc_mouche,,
scene23,1801689,2025-04-21 17:00:00,iw1,0,-37.17275,24.276703,0.788274784075649,34.76646041870117,0.1573783701848394,ocn_dc_full,,
scene24,1401746,2025-04-28 17:00:00,iw1,3,-36.67088,26.055573,1.6126606253425333,34.265987396240234,0.4798143893887799,ocn_dc_geom,-0.4640921354293823,-0.9439065248181622
scene24,1401746,2025-04-28 17:00:00,iw1,3,-36.67088,26.055573,1.6126606253425333,34.265987396240234,0.4798143893887799,ocn_dc_stokes,-0.4455729704350233,-0.9253873598238032
scene24,1401746,2025-04-28 17:00:00,iw1,3,-36.67088,26.055573,1.6126606253425333,34.265987396240234,0.4798143893887799,ocn_dc_mouche,-0.4740375876426697,-0.9538519770314495
scene24,1401746,2025-04-28 17:00:00,iw1,3,-36.67088,26.055573,1.6126606253425333,34.265987396240234,0.4798143893887799,ocn_dc_full,-0.24019092321395874,-0.7200053126027386
scene28,4804006,2025-05-12 17:00:00,iw3,8,-33.12698,30.471039,0.9175676480938394,42.50108337402344,0.3692431808300606,ocn_dc_geom,0.3726794719696045,0.003436291139543912
scene28,4804006,2025-05-12 17:00:00,iw3,8,-33.12698,30.471039,0.9175676480938394,42.50108337402344,0.3692431808300606,ocn_dc_stokes,0.2982228696346283,-0.07102031119543228
scene28,4804006,2025-05-12 17:00:00,iw3,8,-33.12698,30.471039,0.9175676480938394,42.50108337402344,0.3692431808300606,ocn_dc_mouche,0.02198675274848938,-0.3472564280815712
scene28,4804006,2025-05-12 17:00:00,iw3,8,-33.12698,30.471039,0.9175676480938394,42.50108337402344,0.3692431808300606,ocn_dc_full,0.09314712882041931,-0.27609605200964127
scene29,4804006,2025-05-19 17:00:00,iw1,4,-33.80972,31.264053,0.4688220174589889,34.46918869018555,-0.0465913172934901,ocn_dc_geom,-0.7686055302619934,-0.7220142129685033
scene29,4804006,2025-05-19 17:00:00,iw1,4,-33.80972,31.264053,0.4688220174589889,34.46918869018555,-0.0465913172934901,ocn_dc_stokes,-0.7248651310801506,-0.6782738137866605
scene29,4804006,2025-05-19 17:00:00,iw1,4,-33.80972,31.264053,0.4688220174589889,34.46918869018555,-0.0465913172934901,ocn_dc_mouche,-0.6025031134486198,-0.5559117961551298
scene29,4804006,2025-05-19 17:00:00,iw1,4,-33.80972,31.264053,0.4688220174589889,34.46918869018555,-0.0465913172934901,ocn_dc_full,-0.36879395693540573,-0.32220263964191564
scene3,1801812,2026-02-10 17:00:00,iw3,4,-35.039,26.966,0.8393099808739286,42.10560607910156,-0.3367452427300192,ocn_dc_geom,-0.3212597966194153,0.015485446110603929
scene3,1801812,2026-02-10 17:00:00,iw3,4,-35.039,26.966,0.8393099808739286,42.10560607910156,-0.3367452427300192,ocn_dc_stokes,-0.29023305140435696,0.046512191325662255
scene3,1801812,2026-02-10 17:00:00,iw3,4,-35.039,26.966,0.8393099808739286,42.10560607910156,-0.3367452427300192,ocn_dc_mouche,-0.12112741731107235,0.21561782541894686
scene3,1801812,2026-02-10 17:00:00,iw3,4,-35.039,26.966,0.8393099808739286,42.10560607910156,-0.3367452427300192,ocn_dc_full,-0.046185022220015526,0.2905602205100037
scene30,4804006,2025-05-24 17:00:00,iw3,1,-34.12787,31.393433,1.246250882959282,45.146297454833984,0.0038334688081918,ocn_dc_geom,-0.3190118670463562,-0.322845335854548
scene30,4804006,2025-05-24 17:00:00,iw3,1,-34.12787,31.393433,1.246250882959282,45.146297454833984,0.0038334688081918,ocn_dc_stokes,-0.3184194377390668,-0.3222529065472586
scene30,4804006,2025-05-24 17:00:00,iw3,1,-34.12787,31.393433,1.246250882959282,45.146297454833984,0.0038334688081918,ocn_dc_mouche,-0.169451471301727,-0.1732849401099188
scene30,4804006,2025-05-24 17:00:00,iw3,1,-34.12787,31.393433,1.246250882959282,45.146297454833984,0.0038334688081918,ocn_dc_full,-0.07242988410871476,-0.07626335291690656
scene31,4804006,2025-05-31 17:00:00,iw1,8,-33.12167,31.08606,0.0806253365471524,34.79887390136719,-0.3811440683356085,ocn_dc_geom,-0.24567578732967377,0.13546828100593472
scene31,4804006,2025-05-31 17:00:00,iw1,8,-33.12167,31.08606,0.0806253365471524,34.79887390136719,-0.3811440683356085,ocn_dc_stokes,-0.2928103506565094,0.08833371767909909
scene31,4804006,2025-05-31 17:00:00,iw1,8,-33.12167,31.08606,0.0806253365471524,34.79887390136719,-0.3811440683356085,ocn_dc_mouche,-0.44562913477420807,-0.06448506643859958
scene31,4804006,2025-05-31 17:00:00,iw1,8,-33.12167,31.08606,0.0806253365471524,34.79887390136719,-0.3811440683356085,ocn_dc_full,-0.20801942050457,0.17312464783103848
scene32,4804006,2025-06-05 17:00:00,iw1,5,-34.11235,29.16513,0.4385195965370121,33.631500244140625,-0.0318384443579027,ocn_dc_geom,-1.3879296779632568,-1.356091233605354
scene32,4804006,2025-06-05 17:00:00,iw1,5,-34.11235,29.16513,0.4385195965370121,33.631500244140625,-0.0318384443579027,ocn_dc_stokes,-1.2878095209598541,-1.2559710766019514
scene32,4804006,2025-06-05 17:00:00,iw1,5,-34.11235,29.16513,0.4385195965370121,33.631500244140625,-0.0318384443579027,ocn_dc_mouche,-1.0138433873653412,-0.9820049430074385
scene32,4804006,2025-06-05 17:00:00,iw1,5,-34.11235,29.16513,0.4385195965370121,33.631500244140625,-0.0318384443579027,ocn_dc_full,-0.7430233657360077,-0.711184921378105
scene33,1401853,2025-06-29 17:00:00,iw1,7,-33.87425,28.654404,0.6196797427438056,31.046600341796875,-0.2259014758939164,ocn_dc_geom,-0.6285883188247681,-0.40268684293085166
scene33,1401853,2025-06-29 17:00:00,iw1,7,-33.87425,28.654404,0.6196797427438056,31.046600341796875,-0.2259014758939164,ocn_dc_stokes,-0.6550211310386658,-0.42911965514474937
scene33,1401853,2025-06-29 17:00:00,iw1,7,-33.87425,28.654404,0.6196797427438056,31.046600341796875,-0.2259014758939164,ocn_dc_mouche,-0.6208032444119453,-0.39490176851802894
scene33,1401853,2025-06-29 17:00:00,iw1,7,-33.87425,28.654404,0.6196797427438056,31.046600341796875,-0.2259014758939164,ocn_dc_full,-0.23218900710344315,-0.006287531209526742
scene34,1401839,2025-07-04 17:00:00,iw1,0,-35.64449,27.158234,0.2170637051473831,30.79353904724121,0.0915112764401572,ocn_dc_geom,-0.014487099833786488,-0.10599837627394369
scene34,1401839,2025-07-04 17:00:00,iw1,0,-35.64449,27.158234,0.2170637051473831,30.79353904724121,0.0915112764401572,ocn_dc_stokes,,
scene34,1401839,2025-07-04 17:00:00,iw1,0,-35.64449,27.158234,0.2170637051473831,30.79353904724121,0.0915112764401572,ocn_dc_mouche,,
scene34,1401839,2025-07-04 17:00:00,iw1,0,-35.64449,27.158234,0.2170637051473831,30.79353904724121,0.0915112764401572,ocn_dc_full,,
scene35,5802012,2025-07-13 16:00:00,iw2,9,-30.88509,32.65497,9.365619518293206,36.20827102661133,0.149322102451786,ocn_dc_geom,-0.6163910031318665,-0.7657131055836525
scene35,5802012,2025-07-13 16:00:00,iw2,9,-30.88509,32.65497,9.365619518293206,36.20827102661133,0.149322102451786,ocn_dc_stokes,-0.5487097203731537,-0.6980318228249397
scene35,5802012,2025-07-13 16:00:00,iw2,9,-30.88509,32.65497,9.365619518293206,36.20827102661133,0.149322102451786,ocn_dc_mouche,-0.34999457001686096,-0.49931667246864697
scene35,5802012,2025-07-13 16:00:00,iw2,9,-30.88509,32.65497,9.365619518293206,36.20827102661133,0.149322102451786,ocn_dc_full,-0.10151827335357666,-0.25084037580536267
scene38,1401839,2025-09-17 17:00:00,iw2,4,-36.18929,22.974976,0.1762181515495179,40.610496520996094,-0.233469917194595,ocn_dc_geom,-0.3260791599750519,-0.09260924278045687
scene38,1401839,2025-09-17 17:00:00,iw2,4,-36.18929,22.974976,0.1762181515495179,40.610496520996094,-0.233469917194595,ocn_dc_stokes,-0.4075864925980568,-0.1741165754034618
scene38,1401839,2025-09-17 17:00:00,iw2,4,-36.18929,22.974976,0.1762181515495179,40.610496520996094,-0.233469917194595,ocn_dc_mouche,-0.7070392742753029,-0.4735693570807079
scene38,1401839,2025-09-17 17:00:00,iw2,4,-36.18929,22.974976,0.1762181515495179,40.610496520996094,-0.233469917194595,ocn_dc_full,-0.550552137196064,-0.317082220001469
scene4,1401838,2026-02-13 17:00:00,iw2,0,-37.296,20.834,0.6750651660115411,38.11084365844727,-0.0926343804860115,ocn_dc_geom,0.6258668303489685,0.71850121083498
scene4,1401838,2026-02-13 17:00:00,iw2,0,-37.296,20.834,0.6750651660115411,38.11084365844727,-0.0926343804860115,ocn_dc_stokes,0.4880564212799072,0.5806908017659187
scene4,1401838,2026-02-13 17:00:00,iw2,0,-37.296,20.834,0.6750651660115411,38.11084365844727,-0.0926343804860115,ocn_dc_mouche,0.10757207870483398,0.20020645919084548
scene4,1401838,2026-02-13 17:00:00,iw2,0,-37.296,20.834,0.6750651660115411,38.11084365844727,-0.0926343804860115,ocn_dc_full,0.36190885305404663,0.4545432335400581
scene40,1701608,2025-09-22 17:00:00,iw3,1,-36.83463,21.91246,1.171068248960741,44.11090087890625,-0.4907456707408807,ocn_dc_geom,-0.22829659283161163,0.2624490779092691
scene40,1701608,2025-09-22 17:00:00,iw3,1,-36.83463,21.91246,1.171068248960741,44.11090087890625,-0.4907456707408807,ocn_dc_stokes,-0.3387576639652252,0.1519880067756555
scene40,1701608,2025-09-22 17:00:00,iw3,1,-36.83463,21.91246,1.171068248960741,44.11090087890625,-0.4907456707408807,ocn_dc_mouche,-0.7651500403881073,-0.2744043696472266
scene40,1701608,2025-09-22 17:00:00,iw3,1,-36.83463,21.91246,1.171068248960741,44.11090087890625,-0.4907456707408807,ocn_dc_full,-0.694938451051712,-0.20419278031083132
scene42,5801988,2025-10-03 17:00:00,iw2,3,-34.21777,29.841095,0.8692506694446709,37.255313873291016,-0.0396182826696037,ocn_dc_geom,-1.1485682725906372,-1.1089499899210336
scene42,5801988,2025-10-03 17:00:00,iw2,3,-34.21777,29.841095,0.8692506694446709,37.255313873291016,-0.0396182826696037,ocn_dc_stokes,-1.142522375099361,-1.1029040924297573
scene42,5801988,2025-10-03 17:00:00,iw2,3,-34.21777,29.841095,0.8692506694446709,37.255313873291016,-0.0396182826696037,ocn_dc_mouche,-0.9403815818950534,-0.9007632992254497
scene42,5801988,2025-10-03 17:00:00,iw2,3,-34.21777,29.841095,0.8692506694446709,37.255313873291016,-0.0396182826696037,ocn_dc_full,-0.6682445360347629,-0.6286262533651592
scene45,1801685,2025-10-11 17:00:00,iw2,8,-35.51745,22.795837,1.842498911226598,40.967716217041016,-0.805650631384552,ocn_dc_geom,-1.2077229022979736,-0.4020722709134217
scene45,1801685,2025-10-11 17:00:00,iw2,8,-35.51745,22.795837,1.842498911226598,40.967716217041016,-0.805650631384552,ocn_dc_stokes,-1.202237116638571,-0.39658648525401907
scene45,1801685,2025-10-11 17:00:00,iw2,8,-35.51745,22.795837,1.842498911226598,40.967716217041016,-0.805650631384552,ocn_dc_mouche,-1.138533177319914,-0.33288254593536215
scene45,1801685,2025-10-11 17:00:00,iw2,8,-35.51745,22.795837,1.842498911226598,40.967716217041016,-0.805650631384552,ocn_dc_full,-0.9983892762102187,-0.19273864482566672
scene46,1601757,2025-10-13 17:00:00,iw3,6,-34.69906,26.796417,0.3292551849699233,41.88972473144531,-0.7461270917646105,ocn_dc_geom,-1.4323409795761108,-0.6862138878115004
scene46,1601757,2025-10-13 17:00:00,iw3,6,-34.69906,26.796417,0.3292551849699233,41.88972473144531,-0.7461270917646105,ocn_dc_stokes,-1.2961612194776535,-0.550034127713043
scene46,1601757,2025-10-13 17:00:00,iw3,6,-34.69906,26.796417,0.3292551849699233,41.88972473144531,-0.7461270917646105,ocn_dc_mouche,-0.8510680645704269,-0.10494097280581649
scene46,1601757,2025-10-13 17:00:00,iw3,6,-34.69906,26.796417,0.3292551849699233,41.88972473144531,-0.7461270917646105,ocn_dc_full,-0.77334363758564,-0.027216545821029503
scene47,1601757,2025-10-18 17:00:00,iw2,6,-35.41033,23.986801,1.1428992305689305,36.68960952758789,-0.623407913529403,ocn_dc_geom,-0.7476711273193359,-0.12426321378993299
scene47,1601757,2025-10-18 17:00:00,iw2,6,-35.41033,23.986801,1.1428992305689305,36.68960952758789,-0.623407913529403,ocn_dc_stokes,-0.8171162530779839,-0.1937083395485809
scene47,1601757,2025-10-18 17:00:00,iw2,6,-35.41033,23.986801,1.1428992305689305,36.68960952758789,-0.623407913529403,ocn_dc_mouche,-1.0459615364670753,-0.4225536229376724
scene47,1601757,2025-10-18 17:00:00,iw2,6,-35.41033,23.986801,1.1428992305689305,36.68960952758789,-0.623407913529403,ocn_dc_full,-0.7799859717488289,-0.15657805821942594
scene48,5801988,2025-10-27 17:00:00,iw3,0,-34.43237,31.40149,0.1431732581960196,44.66550064086914,-0.0708898779189697,ocn_dc_geom,,
scene48,5801988,2025-10-27 17:00:00,iw3,0,-34.43237,31.40149,0.1431732581960196,44.66550064086914,-0.0708898779189697,ocn_dc_stokes,,
scene48,5801988,2025-10-27 17:00:00,iw3,0,-34.43237,31.40149,0.1431732581960196,44.66550064086914,-0.0708898779189697,ocn_dc_mouche,,
scene48,5801988,2025-10-27 17:00:00,iw3,0,-34.43237,31.40149,0.1431732581960196,44.66550064086914,-0.0708898779189697,ocn_dc_full,,
scene51,2802022,2024-11-02 23:00:00,iw3,4,38.63909,-69.8555,1.323400874139965,45.165672302246094,0.4631984151898641,ocn_dc_geom,0.4372462034225464,-0.025952211767317712
scene51,2802022,2024-11-02 23:00:00,iw3,4,38.63909,-69.8555,1.323400874139965,45.165672302246094,0.4631984151898641,ocn_dc_stokes,,
scene51,2802022,2024-11-02 23:00:00,iw3,4,38.63909,-69.8555,1.323400874139965,45.165672302246094,0.4631984151898641,ocn_dc_mouche,,
scene51,2802022,2024-11-02 23:00:00,iw3,4,38.63909,-69.8555,1.323400874139965,45.165672302246094,0.4631984151898641,ocn_dc_full,,
scene52,5301665,2024-11-02 23:00:00,iw3,3,39.79048,-70.70264,1.2989584397197154,42.41140365600586,-0.4206908397803078,ocn_dc_geom,-1.1433637142181396,-0.7226728744378319
scene52,5301665,2024-11-02 23:00:00,iw3,3,39.79048,-70.70264,1.2989584397197154,42.41140365600586,-0.4206908397803078,ocn_dc_stokes,-1.135267755948007,-0.7145769161676994
scene52,5301665,2024-11-02 23:00:00,iw3,3,39.79048,-70.70264,1.2989584397197154,42.41140365600586,-0.4206908397803078,ocn_dc_mouche,-1.0624292707070708,-0.6417384309267631
scene52,5301665,2024-11-02 23:00:00,iw3,3,39.79048,-70.70264,1.2989584397197154,42.41140365600586,-0.4206908397803078,ocn_dc_full,-0.9846413871273398,-0.5639505473470321
scene53,6203772,2024-11-04 22:00:00,iw1,7,35.93852,-67.07352,1.1988402075994022,35.505943298339844,0.0758642452885927,ocn_dc_geom,-0.7709417939186096,-0.8468060392072023
scene53,6203772,2024-11-04 22:00:00,iw1,7,35.93852,-67.07352,1.1988402075994022,35.505943298339844,0.0758642452885927,ocn_dc_stokes,-0.7078140825033188,-0.7836783277919115
scene53,6203772,2024-11-04 22:00:00,iw1,7,35.93852,-67.07352,1.1988402075994022,35.505943298339844,0.0758642452885927,ocn_dc_mouche,-0.48905324935913086,-0.5649174946477236
scene53,6203772,2024-11-04 22:00:00,iw1,7,35.93852,-67.07352,1.1988402075994022,35.505943298339844,0.0758642452885927,ocn_dc_full,-0.24865496158599854,-0.32451920687459124
scene54,7810313,2024-11-04 22:00:00,iw3,3,40.13721,-66.7749,0.3813695130805226,41.87913131713867,-0.1374885830644182,ocn_dc_geom,-1.2044838666915894,-1.0669952836271712
scene54,7810313,2024-11-04 22:00:00,iw3,3,40.13721,-66.7749,0.3813695130805226,41.87913131713867,-0.1374885830644182,ocn_dc_stokes,-1.1719188913702965,-1.0344303083058783
scene54,7810313,2024-11-04 22:00:00,iw3,3,40.13721,-66.7749,0.3813695130805226,41.87913131713867,-0.1374885830644182,ocn_dc_mouche,-1.0133723691105843,-0.8758837860461661
scene54,7810313,2024-11-04 22:00:00,iw3,3,40.13721,-66.7749,0.3813695130805226,41.87913131713867,-0.1374885830644182,ocn_dc_full,-0.9277706146240234,-0.7902820315596053
scene58,7810312,2024-11-09 23:00:00,iw1,0,36.73856,-69.26871,0.5834380711609707,35.7381591796875,-0.1594644183657566,ocn_dc_geom,-0.8154265880584717,-0.6559621696927151
scene58,7810312,2024-11-09 23:00:00,iw1,0,36.73856,-69.26871,0.5834380711609707,35.7381591796875,-0.1594644183657566,ocn_dc_stokes,-0.7958181817084551,-0.6363537633426986
scene58,7810312,2024-11-09 23:00:00,iw1,0,36.73856,-69.26871,0.5834380711609707,35.7381591796875,-0.1594644183657566,ocn_dc_mouche,-0.7112473640590906,-0.5517829456933341
scene58,7810312,2024-11-09 23:00:00,iw1,0,36.73856,-69.26871,0.5834380711609707,35.7381591796875,-0.1594644183657566,ocn_dc_full,-0.4667918924242258,-0.3073274740584692
scene59,2802022,2024-11-09 23:00:00,iw1,1,38.46136,-70.159454,1.1605941955142791,32.914833068847656,0.082829069319637,ocn_dc_geom,-0.6983346939086914,-0.7811637632283284
scene59,2802022,2024-11-09 23:00:00,iw1,1,38.46136,-70.159454,1.1605941955142791,32.914833068847656,0.082829069319637,ocn_dc_stokes,,
scene59,2802022,2024-11-09 23:00:00,iw1,1,38.46136,-70.159454,1.1605941955142791,32.914833068847656,0.082829069319637,ocn_dc_mouche,,
scene59,2802022,2024-11-09 23:00:00,iw1,1,38.46136,-70.159454,1.1605941955142791,32.914833068847656,0.082829069319637,ocn_dc_full,,
scene60,4401582,2024-11-12 23:00:00,iw1,0,34.87622,-75.124725,1.3956530825945273,35.13259506225586,0.4405069157047667,ocn_dc_geom,-0.3059047758579254,-0.7464116915626922
scene60,4401582,2024-11-12 23:00:00,iw1,0,34.87622,-75.124725,1.3956530825945273,35.13259506225586,0.4405069157047667,ocn_dc_stokes,,
scene60,4401582,2024-11-12 23:00:00,iw1,0,34.87622,-75.124725,1.3956530825945273,35.13259506225586,0.4405069157047667,ocn_dc_mouche,,
scene60,4401582,2024-11-12 23:00:00,iw1,0,34.87622,-75.124725,1.3956530825945273,35.13259506225586,0.4405069157047667,ocn_dc_full,,
scene61,5301664,2024-11-12 23:00:00,iw2,3,38.71094,-74.90741,1.1157113600021566,40.83536911010742,-0.0438208215505773,ocn_dc_geom,-0.40157172083854675,-0.35775089928796944
scene61,5301664,2024-11-12 23:00:00,iw2,3,38.71094,-74.90741,1.1157113600021566,40.83536911010742,-0.0438208215505773,ocn_dc_stokes,-0.39836952881887555,-0.35454870726829824
scene61,5301664,2024-11-12 23:00:00,iw2,3,38.71094,-74.90741,1.1157113600021566,40.83536911010742,-0.0438208215505773,ocn_dc_mouche,-0.3891835301183164,-0.3453627085677391
scene61,5301664,2024-11-12 23:00:00,iw2,3,38.71094,-74.90741,1.1157113600021566,40.83536911010742,-0.0438208215505773,ocn_dc_full,-0.21518088271841407,-0.17136006116783675
scene62,1301817,2024-11-14 23:00:00,iw3,0,33.31369,-68.84064,0.5538871855408039,44.915016174316406,-0.0987827341309839,ocn_dc_geom,-0.5071184635162354,-0.4083357293852514
scene62,1301817,2024-11-14 23:00:00,iw3,0,33.31369,-68.84064,0.5538871855408039,44.915016174316406,-0.0987827341309839,ocn_dc_stokes,,
scene62,1301817,2024-11-14 23:00:00,iw3,0,33.31369,-68.84064,0.5538871855408039,44.915016174316406,-0.0987827341309839,ocn_dc_mouche,,
scene62,1301817,2024-11-14 23:00:00,iw3,0,33.31369,-68.84064,0.5538871855408039,44.915016174316406,-0.0987827341309839,ocn_dc_full,,
scene62,7810324,2024-11-14 23:00:00,iw3,0,33.25674,-68.85693,0.2104507707171664,44.77848815917969,0.0374162411048978,ocn_dc_geom,-0.6001979112625122,-0.63761415236741
scene62,7810324,2024-11-14 23:00:00,iw3,0,33.25674,-68.85693,0.2104507707171664,44.77848815917969,0.0374162411048978,ocn_dc_stokes,,
scene62,7810324,2024-11-14 23:00:00,iw3,0,33.25674,-68.85693,0.2104507707171664,44.77848815917969,0.0374162411048978,ocn_dc_mouche,,
scene62,7810324,2024-11-14 23:00:00,iw3,0,33.25674,-68.85693,0.2104507707171664,44.77848815917969,0.0374162411048978,ocn_dc_full,,
scene63,4102557,2024-11-14 23:00:00,iw1,1,34.71934,-70.82022,0.0759982629184278,36.04561614990234,-0.1077146975965963,ocn_dc_geom,-0.7921267151832581,-0.6844120175866617
scene63,4102557,2024-11-14 23:00:00,iw1,1,34.71934,-70.82022,0.0759982629184278,36.04561614990234,-0.1077146975965963,ocn_dc_stokes,-0.7523826882243156,-0.6446679906277193
scene63,4102557,2024-11-14 23:00:00,iw1,1,34.71934,-70.82022,0.0759982629184278,36.04561614990234,-0.1077146975965963,ocn_dc_mouche,-0.6441589891910553,-0.5364442915944589
scene63,4102557,2024-11-14 23:00:00,iw1,1,34.71934,-70.82022,0.0759982629184278,36.04561614990234,-0.1077146975965963,ocn_dc_full,-0.39854027330875397,-0.29082557571215767
scene63,7810312,2024-11-14 23:00:00,iw3,5,35.64421,-69.886475,0.9273975600377804,42.10709762573242,0.0924097361813385,ocn_dc_geom,-1.0812697410583496,-1.1736794772396881
scene63,7810312,2024-11-14 23:00:00,iw3,5,35.64421,-69.886475,0.9273975600377804,42.10709762573242,0.0924097361813385,ocn_dc_stokes,-1.0360691212117672,-1.1284788573931057
scene63,7810312,2024-11-14 23:00:00,iw3,5,35.64421,-69.886475,0.9273975600377804,42.10709762573242,0.0924097361813385,ocn_dc_mouche,-0.9112926162779331,-1.0037023524592716
scene63,7810312,2024-11-14 23:00:00,iw3,5,35.64421,-69.886475,0.9273975600377804,42.10709762573242,0.0924097361813385,ocn_dc_full,-0.8289899788796902,-0.9213997150610287
scene64,5301665,2024-11-14 23:00:00,iw2,3,38.07197,-71.38852,1.4372047395269596,37.03666305541992,-0.1404484766366841,ocn_dc_geom,-1.4193098545074463,-1.2788613778707623
scene64,5301665,2024-11-14 23:00:00,iw2,3,38.07197,-71.38852,1.4372047395269596,37.03666305541992,-0.1404484766366841,ocn_dc_stokes,-1.372333511710167,-1.231885035073483
scene64,5301665,2024-11-14 23:00:00,iw2,3,38.07197,-71.38852,1.4372047395269596,37.03666305541992,-0.1404484766366841,ocn_dc_mouche,-1.2534278109669685,-1.1129793343302845
scene64,5301665,2024-11-14 23:00:00,iw2,3,38.07197,-71.38852,1.4372047395269596,37.03666305541992,-0.1404484766366841,ocn_dc_full,-0.9902563467621803,-0.8498078701254962
scene65,2802011,2024-11-14 23:00:00,iw3,3,39.847,-70.59189,0.3507974898397735,42.97537612915039,0.2011119185110106,ocn_dc_geom,-0.8203078508377075,-1.0214197693487181
scene65,2802011,2024-11-14 23:00:00,iw3,3,39.847,-70.59189,0.3507974898397735,42.97537612915039,0.2011119185110106,ocn_dc_stokes,-0.7523633986711502,-0.9534753171821608
scene65,2802011,2024-11-14 23:00:00,iw3,3,39.847,-70.59189,0.3507974898397735,42.97537612915039,0.2011119185110106,ocn_dc_mouche,-0.5863270163536072,-0.7874389348646178
scene65,2802011,2024-11-14 23:00:00,iw3,3,39.847,-70.59189,0.3507974898397735,42.97537612915039,0.2011119185110106,ocn_dc_full,-0.5152115598320961,-0.7163234783431067
scene66,2802022,2024-11-16 22:00:00,iw3,2,38.45044,-66.3139,0.0732354694967409,42.3559455871582,0.8776309821348014,ocn_dc_geom,0.5044273734092712,-0.37320360872553016
scene66,2802022,2024-11-16 22:00:00,iw3,2,38.45044,-66.3139,0.0732354694967409,42.3559455871582,0.8776309821348014,ocn_dc_stokes,0.47280192002654076,-0.40482906210826064
scene66,2802022,2024-11-16 22:00:00,iw3,2,38.45044,-66.3139,0.0732354694967409,42.3559455871582,0.8776309821348014,ocn_dc_mouche,0.3738199658691883,-0.5038110162656131
scene66,2802022,2024-11-16 22:00:00,iw3,2,38.45044,-66.3139,0.0732354694967409,42.3559455871582,0.8776309821348014,ocn_dc_full,0.45231272652745247,-0.4253182556073489
scene66,7810313,2024-11-16 22:00:00,iw1,6,39.0071,-67.7771,0.226061759075656,35.479400634765625,-0.0477425190260041,ocn_dc_geom,-0.180632546544075,-0.1328900275180709
scene66,7810313,2024-11-16 22:00:00,iw1,6,39.0071,-67.7771,0.226061759075656,35.479400634765625,-0.0477425190260041,ocn_dc_stokes,-0.20129185169935226,-0.15354933267334817
scene66,7810313,2024-11-16 22:00:00,iw1,6,39.0071,-67.7771,0.226061759075656,35.479400634765625,-0.0477425190260041,ocn_dc_mouche,-0.25809701159596443,-0.21035449256996033
scene66,7810313,2024-11-16 22:00:00,iw1,6,39.0071,-67.7771,0.226061759075656,35.479400634765625,-0.0477425190260041,ocn_dc_full,-0.017514187842607498,0.0302283311833966
scene67,4102557,2024-11-19 23:00:00,iw3,2,33.29695,-71.134674,0.2482866385252085,43.755672454833984,-0.043444289469201,ocn_dc_geom,-0.2957984209060669,-0.2523541314368659
scene67,4102557,2024-11-19 23:00:00,iw3,2,33.29695,-71.134674,0.2482866385252085,43.755672454833984,-0.043444289469201,ocn_dc_stokes,-0.31669590435922146,-0.2732516148900205
scene67,4102557,2024-11-19 23:00:00,iw3,2,33.29695,-71.134674,0.2482866385252085,43.755672454833984,-0.043444289469201,ocn_dc_mouche,-0.44043503515422344,-0.39699074568502246
scene67,4102557,2024-11-19 23:00:00,iw3,2,33.29695,-71.134674,0.2482866385252085,43.755672454833984,-0.043444289469201,ocn_dc_full,-0.37498711608350277,-0.3315428266143018
scene68,4401582,2024-11-19 23:00:00,iw3,1,36.42469,-71.39545,1.8613968556914,45.47410583496094,0.5483667359068966,ocn_dc_geom,0.6562551259994507,0.10788839009255413
scene68,4401582,2024-11-19 23:00:00,iw3,1,36.42469,-71.39545,1.8613968556914,45.47410583496094,0.5483667359068966,ocn_dc_stokes,,
scene68,4401582,2024-11-19 23:00:00,iw3,1,36.42469,-71.39545,1.8613968556914,45.47410583496094,0.5483667359068966,ocn_dc_mouche,,
scene68,4401582,2024-11-19 23:00:00,iw3,1,36.42469,-71.39545,1.8613968556914,45.47410583496094,0.5483667359068966,ocn_dc_full,,
scene70,7810312,2024-11-21 23:00:00,iw1,5,35.83543,-69.265076,1.5303279160044354,34.578468322753906,0.1363771969620702,ocn_dc_geom,-0.04351052641868591,-0.17988772338075612
scene70,7810312,2024-11-21 23:00:00,iw1,5,35.83543,-69.265076,1.5303279160044354,34.578468322753906,0.1363771969620702,ocn_dc_stokes,-0.18313093483448029,-0.31950813179655047
scene70,7810312,2024-11-21 23:00:00,iw1,5,35.83543,-69.265076,1.5303279160044354,34.578468322753906,0.1363771969620702,ocn_dc_mouche,-0.5679291933774948,-0.704306390339565
scene70,7810312,2024-11-21 23:00:00,iw1,5,35.83543,-69.265076,1.5303279160044354,34.578468322753906,0.1363771969620702,ocn_dc_full,-0.32366743683815,-0.4600446338002202
scene71,1301817,2024-11-26 23:00:00,iw1,7,34.00675,-70.8689,0.8320056928200193,34.840118408203125,-0.0482627258184467,ocn_dc_geom,0.04770665988326073,0.09596938570170743
scene71,1301817,2024-11-26 23:00:00,iw1,7,34.00675,-70.8689,0.8320056928200193,34.840118408203125,-0.0482627258184467,ocn_dc_stokes,-0.02261374518275261,0.02564898063569409
scene71,1301817,2024-11-26 23:00:00,iw1,7,34.00675,-70.8689,0.8320056928200193,34.840118408203125,-0.0482627258184467,ocn_dc_mouche,-0.2674929015338421,-0.21923017571539538
scene71,1301817,2024-11-26 23:00:00,iw1,7,34.00675,-70.8689,0.8320056928200193,34.840118408203125,-0.0482627258184467,ocn_dc_full,-0.03253598138689995,0.01572674443154675
scene71,4102557,2024-11-26 23:00:00,iw2,3,33.61695,-69.7663,0.3167691957089995,40.55108642578125,0.004448687613441,ocn_dc_geom,-0.4660526514053345,-0.4705013390187755
scene71,4102557,2024-11-26 23:00:00,iw2,3,33.61695,-69.7663,0.3167691957089995,40.55108642578125,0.004448687613441,ocn_dc_stokes,-0.5415566191077232,-0.5460053067211642
scene71,4102557,2024-11-26 23:00:00,iw2,3,33.61695,-69.7663,0.3167691957089995,40.55108642578125,0.004448687613441,ocn_dc_mouche,-0.8336529061198235,-0.8381015937332644
scene71,4102557,2024-11-26 23:00:00,iw2,3,33.61695,-69.7663,0.3167691957089995,40.55108642578125,0.004448687613441,ocn_dc_full,-0.6482846364378929,-0.6527333240513339
scene71,7810324,2024-11-26 23:00:00,iw2,7,34.21678,-70.53488,1.4675104950805289,37.049896240234375,-0.0392627371018196,ocn_dc_geom,-0.31743860244750977,-0.27817586534569017
scene71,7810324,2024-11-26 23:00:00,iw2,7,34.21678,-70.53488,1.4675104950805289,37.049896240234375,-0.0392627371018196,ocn_dc_stokes,-0.39374637603759766,-0.35448363893577806
scene71,7810324,2024-11-26 23:00:00,iw2,7,34.21678,-70.53488,1.4675104950805289,37.049896240234375,-0.0392627371018196,ocn_dc_mouche,-0.6662348806858063,-0.6269721435839867
scene71,7810324,2024-11-26 23:00:00,iw2,7,34.21678,-70.53488,1.4675104950805289,37.049896240234375,-0.0392627371018196,ocn_dc_full,-0.4051216244697571,-0.3658588873679375
scene72,2802011,2024-11-26 23:00:00,iw2,4,39.87519,-71.397156,0.7005960561409859,39.11720657348633,0.0256374966544791,ocn_dc_geom,0.07582086324691772,0.050183366592438626
scene72,2802011,2024-11-26 23:00:00,iw2,4,39.87519,-71.397156,0.7005960561409859,39.11720657348633,0.0256374966544791,ocn_dc_stokes,-0.004954308271408081,-0.03059180492588718
scene72,2802011,2024-11-26 23:00:00,iw2,4,39.87519,-71.397156,0.7005960561409859,39.11720657348633,0.0256374966544791,ocn_dc_mouche,-0.2607288360595703,-0.28636633271404943
scene72,2802011,2024-11-26 23:00:00,iw2,4,39.87519,-71.397156,0.7005960561409859,39.11720657348633,0.0256374966544791,ocn_dc_full,-0.023405835032463074,-0.04904333168694217
scene73,7810312,2024-11-28 22:00:00,iw2,5,35.79503,-65.89163,1.2971934154593738,41.678504943847656,0.4041119534407529,ocn_dc_geom,,
scene73,7810312,2024-11-28 22:00:00,iw2,5,35.79503,-65.89163,1.2971934154593738,41.678504943847656,0.4041119534407529,ocn_dc_stokes,,
scene73,7810312,2024-11-28 22:00:00,iw2,5,35.79503,-65.89163,1.2971934154593738,41.678504943847656,0.4041119534407529,ocn_dc_mouche,,
scene73,7810312,2024-11-28 22:00:00,iw2,5,35.79503,-65.89163,1.2971934154593738,41.678504943847656,0.4041119534407529,ocn_dc_full,,
scene74,1801732,2024-11-29 23:00:00,iw2,2,33.29563,-76.53677,0.4268300734263202,36.86994934082031,0.365588537514233,ocn_dc_geom,0.19176021218299866,-0.17382832533123432
scene74,1801732,2024-11-29 23:00:00,iw2,2,33.29563,-76.53677,0.4268300734263202,36.86994934082031,0.365588537514233,ocn_dc_stokes,0.1697623934596777,-0.19582614405455528
scene74,1801732,2024-11-29 23:00:00,iw2,2,33.29563,-76.53677,0.4268300734263202,36.86994934082031,0.365588537514233,ocn_dc_mouche,0.05884900502860546,-0.3067395324856275
scene74,1801732,2024-11-29 23:00:00,iw2,2,33.29563,-76.53677,0.4268300734263202,36.86994934082031,0.365588537514233,ocn_dc_full,0.31391978077590466,-0.051668756738328325
scene75,1301817,2024-12-01 23:00:00,iw3,8,34.39871,-71.44653,3.200167433488501,43.29800796508789,-0.2681581883281271,ocn_dc_geom,-0.21640412509441376,0.05175406323371334
scene75,1301817,2024-12-01 23:00:00,iw3,8,34.39871,-71.44653,3.200167433488501,43.29800796508789,-0.2681581883281271,ocn_dc_stokes,-0.29029933363199234,-0.02214114530386524
scene75,1301817,2024-12-01 23:00:00,iw3,8,34.39871,-71.44653,3.200167433488501,43.29800796508789,-0.2681581883281271,ocn_dc_mouche,-0.5626703277230263,-0.2945121393948992
scene75,1301817,2024-12-01 23:00:00,iw3,8,34.39871,-71.44653,3.200167433488501,43.29800796508789,-0.2681581883281271,ocn_dc_full,-0.4941362291574478,-0.22597804082932071
scene76,7810324,2024-12-01 23:00:00,iw3,3,35.17469,-71.1539,0.6140050394832485,45.442195892333984,-0.0463836810044738,ocn_dc_geom,0.22336208820343018,0.269745769207904
scene76,7810324,2024-12-01 23:00:00,iw3,3,35.17469,-71.1539,0.6140050394832485,45.442195892333984,-0.0463836810044738,ocn_dc_stokes,0.12350009381771088,0.16988377482218467
scene76,7810324,2024-12-01 23:00:00,iw3,3,35.17469,-71.1539,0.6140050394832485,45.442195892333984,-0.0463836810044738,ocn_dc_mouche,-0.20510287582874298,-0.1587191948242692
scene76,7810324,2024-12-01 23:00:00,iw3,3,35.17469,-71.1539,0.6140050394832485,45.442195892333984,-0.0463836810044738,ocn_dc_full,-0.11892101913690567,-0.07253733813243188
scene77,5301665,2024-12-01 23:00:00,iw1,1,37.57734,-73.6788,1.0973275791211092,35.12464904785156,-0.053895487700316,ocn_dc_geom,-0.3229118883609772,-0.2690164006606612
scene77,5301665,2024-12-01 23:00:00,iw1,1,37.57734,-73.6788,1.0973275791211092,35.12464904785156,-0.053895487700316,ocn_dc_stokes,-0.41104499250650406,-0.35714950480618807
scene77,5301665,2024-12-01 23:00:00,iw1,1,37.57734,-73.6788,1.0973275791211092,35.12464904785156,-0.053895487700316,ocn_dc_mouche,-0.6621308103203773,-0.6082353226200613
scene77,5301665,2024-12-01 23:00:00,iw1,1,37.57734,-73.6788,1.0973275791211092,35.12464904785156,-0.053895487700316,ocn_dc_full,-0.4272090271115303,-0.3733135394112143
scene79,5301665,2024-12-08 23:00:00,iw2,6,37.11851,-71.23288,0.6568986729414028,36.739444732666016,0.8004871797384847,ocn_dc_geom,0.7512078881263733,-0.04927929161211142
scene79,5301665,2024-12-08 23:00:00,iw2,6,37.11851,-71.23288,0.6568986729414028,36.739444732666016,0.8004871797384847,ocn_dc_stokes,0.6198663711547852,-0.18062080858369955
scene79,5301665,2024-12-08 23:00:00,iw2,6,37.11851,-71.23288,0.6568986729414028,36.739444732666016,0.8004871797384847,ocn_dc_mouche,0.2541749179363251,-0.5463122618021596
scene79,5301665,2024-12-08 23:00:00,iw2,6,37.11851,-71.23288,0.6568986729414028,36.739444732666016,0.8004871797384847,ocn_dc_full,0.5057526230812073,-0.29473455665727744
scene82,7810290,2024-12-13 23:00:00,iw2,4,33.40649,-72.22739,0.9602412923765058,38.12748718261719,0.0458895106912129,ocn_dc_geom,-1.3576933145523071,-1.40358282524352
scene82,7810290,2024-12-13 23:00:00,iw2,4,33.40649,-72.22739,0.9602412923765058,38.12748718261719,0.0458895106912129,ocn_dc_stokes,-1.2571221590042114,-1.3030116696954244
scene82,7810290,2024-12-13 23:00:00,iw2,4,33.40649,-72.22739,0.9602412923765058,38.12748718261719,0.0458895106912129,ocn_dc_mouche,-0.9575785994529724,-1.0034681101441854
scene82,7810290,2024-12-13 23:00:00,iw2,4,33.40649,-72.22739,0.9602412923765058,38.12748718261719,0.0458895106912129,ocn_dc_full,-0.6857661306858063,-0.7316556413770192
scene83,1301817,2024-12-13 23:00:00,iw1,1,34.33499,-73.53436,0.946253407028862,31.59274101257324,-0.1354414206530893,ocn_dc_geom,-1.8210009336471558,-1.6855595129940664
scene83,1301817,2024-12-13 23:00:00,iw1,1,34.33499,-73.53436,0.946253407028862,31.59274101257324,-0.1354414206530893,ocn_dc_stokes,,
scene83,1301817,2024-12-13 23:00:00,iw1,1,34.33499,-73.53436,0.946253407028862,31.59274101257324,-0.1354414206530893,ocn_dc_mouche,,
scene83,1301817,2024-12-13 23:00:00,iw1,1,34.33499,-73.53436,0.946253407028862,31.59274101257324,-0.1354414206530893,ocn_dc_full,,
scene83,7810324,2024-12-13 23:00:00,iw1,7,35.4012,-73.29419,0.6142459446973926,34.510189056396484,0.0985405807230577,ocn_dc_geom,-1.3032077550888062,-1.4017483358118639
scene83,7810324,2024-12-13 23:00:00,iw1,7,35.4012,-73.29419,0.6142459446973926,34.510189056396484,0.0985405807230577,ocn_dc_stokes,-1.2743368577212095,-1.3728774384442672
scene83,7810324,2024-12-13 23:00:00,iw1,7,35.4012,-73.29419,0.6142459446973926,34.510189056396484,0.0985405807230577,ocn_dc_mouche,-1.1460694801062346,-1.2446100608292923
scene83,7810324,2024-12-13 23:00:00,iw1,7,35.4012,-73.29419,0.6142459446973926,34.510189056396484,0.0985405807230577,ocn_dc_full,-0.8987077604979277,-0.9972483412209854
scene84,1801732,2024-12-13 23:00:00,iw1,4,36.54158,-73.98578,1.4722459208620589,31.932334899902344,0.0662997906159731,ocn_dc_geom,-1.2660752534866333,-1.3323750441026063
scene84,1801732,2024-12-13 23:00:00,iw1,4,36.54158,-73.98578,1.4722459208620589,31.932334899902344,0.0662997906159731,ocn_dc_stokes,-1.2477871142327785,-1.3140869048487516
scene84,1801732,2024-12-13 23:00:00,iw1,4,36.54158,-73.98578,1.4722459208620589,31.932334899902344,0.0662997906159731,ocn_dc_mouche,-1.1298546753823757,-1.1961544659983487
scene84,1801732,2024-12-13 23:00:00,iw1,4,36.54158,-73.98578,1.4722459208620589,31.932334899902344,0.0662997906159731,ocn_dc_full,-0.7515219412744045,-0.8178217318903777
scene85,5301665,2024-12-15 23:00:00,iw2,2,38.59924,-68.88068,0.6526601540527909,40.00383758544922,-0.121159566567839,ocn_dc_geom,-1.2920671701431274,-1.1709076035752886
scene85,5301665,2024-12-15 23:00:00,iw2,2,38.59924,-68.88068,0.6526601540527909,40.00383758544922,-0.121159566567839,ocn_dc_stokes,-1.228175476193428,-1.1070159096255892
scene85,5301665,2024-12-15 23:00:00,iw2,2,38.59924,-68.88068,0.6526601540527909,40.00383758544922,-0.121159566567839,ocn_dc_mouche,-0.9959501177072525,-0.8747905511394135
scene85,5301665,2024-12-15 23:00:00,iw2,2,38.59924,-68.88068,0.6526601540527909,40.00383758544922,-0.121159566567839,ocn_dc_full,-0.7939804494380951,-0.6728208828702561
scene86,7810324,2024-12-20 23:00:00,iw2,4,36.86568,-70.96637,1.409622597633592,37.866981506347656,0.3506232667306667,ocn_dc_geom,0.28963589668273926,-0.060987370047927425
scene86,7810324,2024-12-20 23:00:00,iw2,4,36.86568,-70.96637,1.409622597633592,37.866981506347656,0.3506232667306667,ocn_dc_stokes,0.218439981341362,-0.13218328538930468
scene86,7810324,2024-12-20 23:00:00,iw2,4,36.86568,-70.96637,1.409622597633592,37.866981506347656,0.3506232667306667,ocn_dc_mouche,0.006494194269180298,-0.3441290724614864
scene86,7810324,2024-12-20 23:00:00,iw2,4,36.86568,-70.96637,1.409622597633592,37.866981506347656,0.3506232667306667,ocn_dc_full,0.279109925031662,-0.0715133416990047
scene87,1801732,2024-12-20 23:00:00,iw2,1,37.79875,-71.065674,0.2017949592767894,38.44472503662109,0.43713657831316,ocn_dc_geom,-0.5172359347343445,-0.9543725130475045
scene87,1801732,2024-12-20 23:00:00,iw2,1,37.79875,-71.065674,0.2017949592767894,38.44472503662109,0.43713657831316,ocn_dc_stokes,-0.4863638374954462,-0.9235004158086062
scene87,1801732,2024-12-20 23:00:00,iw2,1,37.79875,-71.065674,0.2017949592767894,38.44472503662109,0.43713657831316,ocn_dc_mouche,-0.42589220963418484,-0.8630287879473448
scene87,1801732,2024-12-20 23:00:00,iw2,1,37.79875,-71.065674,0.2017949592767894,38.44472503662109,0.43713657831316,ocn_dc_full,-0.16021705232560635,-0.5973536306387663
scene88,4102557,2024-12-22 22:00:00,iw1,2,34.9849,-67.06177,1.0013818384230184,34.32597732543945,-0.0227364238101502,ocn_dc_geom,-0.14764542877674103,-0.12490900496659083
scene88,4102557,2024-12-22 22:00:00,iw1,2,34.9849,-67.06177,1.0013818384230184,34.32597732543945,-0.0227364238101502,ocn_dc_stokes,,
scene88,4102557,2024-12-22 22:00:00,iw1,2,34.9849,-67.06177,1.0013818384230184,34.32597732543945,-0.0227364238101502,ocn_dc_mouche,,
scene88,4102557,2024-12-22 22:00:00,iw1,2,34.9849,-67.06177,1.0013818384230184,34.32597732543945,-0.0227364238101502,ocn_dc_full,,
scene89,5301665,2024-12-22 22:00:00,iw1,4,38.66686,-68.49191,0.7900904898163895,30.901968002319336,-0.1008819297982424,ocn_dc_geom,-0.7350693345069885,-0.6341874047087461
scene89,5301665,2024-12-22 22:00:00,iw1,4,38.66686,-68.49191,0.7900904898163895,30.901968002319336,-0.1008819297982424,ocn_dc_stokes,-0.7712043672800064,-0.670322437481764
scene89,5301665,2024-12-22 22:00:00,iw1,4,38.66686,-68.49191,0.7900904898163895,30.901968002319336,-0.1008819297982424,ocn_dc_mouche,-0.8400232493877411,-0.7391413195894987
scene89,5301665,2024-12-22 22:00:00,iw1,4,38.66686,-68.49191,0.7900904898163895,30.901968002319336,-0.1008819297982424,ocn_dc_full,-0.46622714400291443,-0.36534521420467203
